-- phpMyAdmin SQL Dump
-- version 5.2.0
-- https://www.phpmyadmin.net/
--
-- Servidor: localhost
-- Tiempo de generaci칩n: 12-09-2022 a las 22:27:26
-- Versi칩n del servidor: 10.4.21-MariaDB
-- Versi칩n de PHP: 8.1.6

SET SQL_MODE = "NO_AUTO_VALUE_ON_ZERO";
START TRANSACTION;
SET time_zone = "+00:00";


/*!40101 SET @OLD_CHARACTER_SET_CLIENT=@@CHARACTER_SET_CLIENT */;
/*!40101 SET @OLD_CHARACTER_SET_RESULTS=@@CHARACTER_SET_RESULTS */;
/*!40101 SET @OLD_COLLATION_CONNECTION=@@COLLATION_CONNECTION */;
/*!40101 SET NAMES utf8mb4 */;

--
-- Base de datos: `fisioterapia`
--

-- --------------------------------------------------------

--
-- Estructura de tabla para la tabla `citas`
--

CREATE TABLE `citas` (
  `idcita` int(11) NOT NULL,
  `idfacultativo` int(11) NOT NULL,
  `idpaciente` int(11) NOT NULL,
  `fecha` date NOT NULL,
  `hora` int(11) NOT NULL
) ENGINE=InnoDB DEFAULT CHARSET=utf8mb4 COLLATE=utf8mb4_unicode_ci;

-- --------------------------------------------------------

--
-- Estructura de tabla para la tabla `citas_disponibles`
--

CREATE TABLE `citas_disponibles` (
  `id` int(11) NOT NULL,
  `idfacultativo` int(11) NOT NULL,
  `fecha` date NOT NULL,
  `hora` int(11) NOT NULL,
  `disponible` tinyint(1) NOT NULL
) ENGINE=InnoDB DEFAULT CHARSET=utf8mb4 COLLATE=utf8mb4_unicode_ci;

--
-- Volcado de datos para la tabla `citas_disponibles`
--

INSERT INTO `citas_disponibles` (`id`, `idfacultativo`, `fecha`, `hora`, `disponible`) VALUES
(936, 2, '2022-09-12', 15, 1),
(937, 2, '2022-09-12', 16, 1),
(938, 2, '2022-09-12', 17, 1),
(939, 2, '2022-09-12', 18, 1),
(940, 2, '2022-09-12', 19, 1),
(941, 2, '2022-09-14', 9, 1),
(942, 2, '2022-09-14', 10, 1),
(943, 2, '2022-09-14', 11, 1),
(944, 2, '2022-09-14', 12, 1),
(945, 2, '2022-09-14', 13, 1),
(946, 2, '2022-09-16', 9, 1),
(947, 2, '2022-09-16', 10, 1),
(948, 2, '2022-09-16', 11, 1),
(949, 2, '2022-09-16', 12, 1),
(950, 2, '2022-09-16', 13, 1),
(951, 2, '2022-09-19', 15, 1),
(952, 2, '2022-09-19', 16, 1),
(953, 2, '2022-09-19', 17, 1),
(954, 2, '2022-09-19', 18, 1),
(955, 2, '2022-09-19', 19, 1),
(956, 2, '2022-09-21', 9, 1),
(957, 2, '2022-09-21', 10, 1),
(958, 2, '2022-09-21', 11, 1),
(959, 2, '2022-09-21', 12, 1),
(960, 2, '2022-09-21', 13, 1),
(961, 2, '2022-09-23', 9, 1),
(962, 2, '2022-09-23', 10, 1),
(963, 2, '2022-09-23', 11, 1),
(964, 2, '2022-09-23', 12, 1),
(965, 2, '2022-09-23', 13, 1),
(966, 2, '2022-09-26', 15, 1),
(967, 2, '2022-09-26', 16, 1),
(968, 2, '2022-09-26', 17, 1),
(969, 2, '2022-09-26', 18, 1),
(970, 2, '2022-09-26', 19, 1),
(971, 2, '2022-09-28', 9, 1),
(972, 2, '2022-09-28', 10, 1),
(973, 2, '2022-09-28', 11, 1),
(974, 2, '2022-09-28', 12, 1),
(975, 2, '2022-09-28', 13, 1),
(976, 2, '2022-09-30', 9, 1),
(977, 2, '2022-09-30', 10, 1),
(978, 2, '2022-09-30', 11, 1),
(979, 2, '2022-09-30', 12, 1),
(980, 2, '2022-09-30', 13, 1),
(981, 2, '2022-10-03', 15, 1),
(982, 2, '2022-10-03', 16, 1),
(983, 2, '2022-10-03', 17, 1),
(984, 2, '2022-10-03', 18, 1),
(985, 2, '2022-10-03', 19, 1),
(986, 2, '2022-10-05', 9, 1),
(987, 2, '2022-10-05', 10, 1),
(988, 2, '2022-10-05', 11, 1),
(989, 2, '2022-10-05', 12, 1),
(990, 2, '2022-10-05', 13, 1),
(991, 2, '2022-10-07', 9, 1),
(992, 2, '2022-10-07', 10, 1),
(993, 2, '2022-10-07', 11, 1),
(994, 2, '2022-10-07', 12, 1),
(995, 2, '2022-10-07', 13, 1),
(996, 2, '2022-10-10', 15, 1),
(997, 2, '2022-10-10', 16, 1),
(998, 2, '2022-10-10', 17, 1),
(999, 2, '2022-10-10', 18, 1),
(1000, 2, '2022-10-10', 19, 1),
(1001, 2, '2022-10-12', 9, 1),
(1002, 2, '2022-10-12', 10, 1),
(1003, 2, '2022-10-12', 11, 1),
(1004, 2, '2022-10-12', 12, 1),
(1005, 2, '2022-10-12', 13, 1),
(1006, 2, '2022-10-14', 9, 1),
(1007, 2, '2022-10-14', 10, 1),
(1008, 2, '2022-10-14', 11, 1),
(1009, 2, '2022-10-14', 12, 1),
(1010, 2, '2022-10-14', 13, 1),
(1011, 2, '2022-10-17', 15, 1),
(1012, 2, '2022-10-17', 16, 1),
(1013, 2, '2022-10-17', 17, 1),
(1014, 2, '2022-10-17', 18, 1),
(1015, 2, '2022-10-17', 19, 1),
(1016, 2, '2022-10-19', 9, 1),
(1017, 2, '2022-10-19', 10, 1),
(1018, 2, '2022-10-19', 11, 1),
(1019, 2, '2022-10-19', 12, 1),
(1020, 2, '2022-10-19', 13, 1),
(1021, 2, '2022-10-21', 9, 1),
(1022, 2, '2022-10-21', 10, 1),
(1023, 2, '2022-10-21', 11, 1),
(1024, 2, '2022-10-21', 12, 1),
(1025, 2, '2022-10-21', 13, 1),
(1026, 2, '2022-10-24', 15, 1),
(1027, 2, '2022-10-24', 16, 1),
(1028, 2, '2022-10-24', 17, 1),
(1029, 2, '2022-10-24', 18, 1),
(1030, 2, '2022-10-24', 19, 1),
(1031, 2, '2022-10-26', 9, 1),
(1032, 2, '2022-10-26', 10, 1),
(1033, 2, '2022-10-26', 11, 1),
(1034, 2, '2022-10-26', 12, 1),
(1035, 2, '2022-10-26', 13, 1),
(1036, 2, '2022-10-28', 9, 1),
(1037, 2, '2022-10-28', 10, 1),
(1038, 2, '2022-10-28', 11, 1),
(1039, 2, '2022-10-28', 12, 1),
(1040, 2, '2022-10-28', 13, 1),
(1041, 2, '2022-10-31', 15, 1),
(1042, 2, '2022-10-31', 16, 1),
(1043, 2, '2022-10-31', 17, 1),
(1044, 2, '2022-10-31', 18, 1),
(1045, 2, '2022-10-31', 19, 1),
(1046, 2, '2022-11-02', 9, 1),
(1047, 2, '2022-11-02', 10, 1),
(1048, 2, '2022-11-02', 11, 1),
(1049, 2, '2022-11-02', 12, 1),
(1050, 2, '2022-11-02', 13, 1),
(1051, 2, '2022-11-04', 9, 1),
(1052, 2, '2022-11-04', 10, 1),
(1053, 2, '2022-11-04', 11, 1),
(1054, 2, '2022-11-04', 12, 1),
(1055, 2, '2022-11-04', 13, 1),
(1056, 2, '2022-11-07', 15, 1),
(1057, 2, '2022-11-07', 16, 1),
(1058, 2, '2022-11-07', 17, 1),
(1059, 2, '2022-11-07', 18, 1),
(1060, 2, '2022-11-07', 19, 1),
(1061, 2, '2022-11-09', 9, 1),
(1062, 2, '2022-11-09', 10, 1),
(1063, 2, '2022-11-09', 11, 1),
(1064, 2, '2022-11-09', 12, 1),
(1065, 2, '2022-11-09', 13, 1),
(1066, 2, '2022-11-11', 9, 1),
(1067, 2, '2022-11-11', 10, 1),
(1068, 2, '2022-11-11', 11, 1),
(1069, 2, '2022-11-11', 12, 1),
(1070, 2, '2022-11-11', 13, 1),
(1071, 2, '2022-11-14', 15, 1),
(1072, 2, '2022-11-14', 16, 1),
(1073, 2, '2022-11-14', 17, 1),
(1074, 2, '2022-11-14', 18, 1),
(1075, 2, '2022-11-14', 19, 1),
(1076, 2, '2022-11-16', 9, 1),
(1077, 2, '2022-11-16', 10, 1),
(1078, 2, '2022-11-16', 11, 1),
(1079, 2, '2022-11-16', 12, 1),
(1080, 2, '2022-11-16', 13, 1),
(1081, 2, '2022-11-18', 9, 1),
(1082, 2, '2022-11-18', 10, 1),
(1083, 2, '2022-11-18', 11, 1),
(1084, 2, '2022-11-18', 12, 1),
(1085, 2, '2022-11-18', 13, 1),
(1086, 2, '2022-11-21', 15, 1),
(1087, 2, '2022-11-21', 16, 1),
(1088, 2, '2022-11-21', 17, 1),
(1089, 2, '2022-11-21', 18, 1),
(1090, 2, '2022-11-21', 19, 1),
(1091, 2, '2022-11-23', 9, 1),
(1092, 2, '2022-11-23', 10, 1),
(1093, 2, '2022-11-23', 11, 1),
(1094, 2, '2022-11-23', 12, 1),
(1095, 2, '2022-11-23', 13, 1),
(1096, 2, '2022-11-25', 9, 1),
(1097, 2, '2022-11-25', 10, 1),
(1098, 2, '2022-11-25', 11, 1),
(1099, 2, '2022-11-25', 12, 1),
(1100, 2, '2022-11-25', 13, 1),
(1101, 2, '2022-11-28', 15, 1),
(1102, 2, '2022-11-28', 16, 1),
(1103, 2, '2022-11-28', 17, 1),
(1104, 2, '2022-11-28', 18, 1),
(1105, 2, '2022-11-28', 19, 1),
(1106, 2, '2022-11-30', 9, 1),
(1107, 2, '2022-11-30', 10, 1),
(1108, 2, '2022-11-30', 11, 1),
(1109, 2, '2022-11-30', 12, 1),
(1110, 2, '2022-11-30', 13, 1),
(1111, 2, '2022-12-02', 9, 1),
(1112, 2, '2022-12-02', 10, 1),
(1113, 2, '2022-12-02', 11, 1),
(1114, 2, '2022-12-02', 12, 1),
(1115, 2, '2022-12-02', 13, 1),
(1116, 2, '2022-12-05', 15, 1),
(1117, 2, '2022-12-05', 16, 1),
(1118, 2, '2022-12-05', 17, 1),
(1119, 2, '2022-12-05', 18, 1),
(1120, 2, '2022-12-05', 19, 1),
(1121, 2, '2022-12-07', 9, 1),
(1122, 2, '2022-12-07', 10, 1),
(1123, 2, '2022-12-07', 11, 1),
(1124, 2, '2022-12-07', 12, 1),
(1125, 2, '2022-12-07', 13, 1),
(1126, 2, '2022-12-09', 9, 1),
(1127, 2, '2022-12-09', 10, 1),
(1128, 2, '2022-12-09', 11, 1),
(1129, 2, '2022-12-09', 12, 1),
(1130, 2, '2022-12-09', 13, 1),
(1131, 2, '2022-12-12', 15, 1),
(1132, 2, '2022-12-12', 16, 1),
(1133, 2, '2022-12-12', 17, 1),
(1134, 2, '2022-12-12', 18, 1),
(1135, 2, '2022-12-12', 19, 1),
(1136, 2, '2022-12-14', 9, 1),
(1137, 2, '2022-12-14', 10, 1),
(1138, 2, '2022-12-14', 11, 1),
(1139, 2, '2022-12-14', 12, 1),
(1140, 2, '2022-12-14', 13, 1),
(1141, 2, '2022-12-16', 9, 1),
(1142, 2, '2022-12-16', 10, 1),
(1143, 2, '2022-12-16', 11, 1),
(1144, 2, '2022-12-16', 12, 1),
(1145, 2, '2022-12-16', 13, 1),
(1146, 2, '2022-12-19', 15, 1),
(1147, 2, '2022-12-19', 16, 1),
(1148, 2, '2022-12-19', 17, 1),
(1149, 2, '2022-12-19', 18, 1),
(1150, 2, '2022-12-19', 19, 1),
(1151, 2, '2022-12-21', 9, 1),
(1152, 2, '2022-12-21', 10, 1),
(1153, 2, '2022-12-21', 11, 1),
(1154, 2, '2022-12-21', 12, 1),
(1155, 2, '2022-12-21', 13, 1),
(1156, 2, '2022-12-23', 9, 1),
(1157, 2, '2022-12-23', 10, 1),
(1158, 2, '2022-12-23', 11, 1),
(1159, 2, '2022-12-23', 12, 1),
(1160, 2, '2022-12-23', 13, 1),
(1161, 2, '2022-12-26', 15, 1),
(1162, 2, '2022-12-26', 16, 1),
(1163, 2, '2022-12-26', 17, 1),
(1164, 2, '2022-12-26', 18, 1),
(1165, 2, '2022-12-26', 19, 1),
(1166, 2, '2022-12-28', 9, 1),
(1167, 2, '2022-12-28', 10, 1),
(1168, 2, '2022-12-28', 11, 1),
(1169, 2, '2022-12-28', 12, 1),
(1170, 2, '2022-12-28', 13, 1),
(1171, 2, '2022-12-30', 9, 1),
(1172, 2, '2022-12-30', 10, 1),
(1173, 2, '2022-12-30', 11, 1),
(1174, 2, '2022-12-30', 12, 1),
(1175, 2, '2022-12-30', 13, 1),
(1176, 2, '2023-01-02', 15, 1),
(1177, 2, '2023-01-02', 16, 1),
(1178, 2, '2023-01-02', 17, 1),
(1179, 2, '2023-01-02', 18, 1),
(1180, 2, '2023-01-02', 19, 1),
(1181, 2, '2023-01-04', 9, 1),
(1182, 2, '2023-01-04', 10, 1),
(1183, 2, '2023-01-04', 11, 1),
(1184, 2, '2023-01-04', 12, 1),
(1185, 2, '2023-01-04', 13, 1),
(1186, 2, '2023-01-06', 9, 1),
(1187, 2, '2023-01-06', 10, 1),
(1188, 2, '2023-01-06', 11, 1),
(1189, 2, '2023-01-06', 12, 1),
(1190, 2, '2023-01-06', 13, 1),
(1191, 2, '2023-01-09', 15, 1),
(1192, 2, '2023-01-09', 16, 1),
(1193, 2, '2023-01-09', 17, 1),
(1194, 2, '2023-01-09', 18, 1),
(1195, 2, '2023-01-09', 19, 1),
(1196, 2, '2023-01-11', 9, 1),
(1197, 2, '2023-01-11', 10, 1),
(1198, 2, '2023-01-11', 11, 1),
(1199, 2, '2023-01-11', 12, 1),
(1200, 2, '2023-01-11', 13, 1),
(1201, 2, '2023-01-13', 9, 1),
(1202, 2, '2023-01-13', 10, 1),
(1203, 2, '2023-01-13', 11, 1),
(1204, 2, '2023-01-13', 12, 1),
(1205, 2, '2023-01-13', 13, 1),
(1206, 2, '2023-01-16', 15, 1),
(1207, 2, '2023-01-16', 16, 1),
(1208, 2, '2023-01-16', 17, 1),
(1209, 2, '2023-01-16', 18, 1),
(1210, 2, '2023-01-16', 19, 1),
(1211, 2, '2023-01-18', 9, 1),
(1212, 2, '2023-01-18', 10, 1),
(1213, 2, '2023-01-18', 11, 1),
(1214, 2, '2023-01-18', 12, 1),
(1215, 2, '2023-01-18', 13, 1),
(1216, 2, '2023-01-20', 9, 1),
(1217, 2, '2023-01-20', 10, 1),
(1218, 2, '2023-01-20', 11, 1),
(1219, 2, '2023-01-20', 12, 1),
(1220, 2, '2023-01-20', 13, 1),
(1221, 2, '2023-01-23', 15, 1),
(1222, 2, '2023-01-23', 16, 1),
(1223, 2, '2023-01-23', 17, 1),
(1224, 2, '2023-01-23', 18, 1),
(1225, 2, '2023-01-23', 19, 1),
(1226, 2, '2023-01-25', 9, 1),
(1227, 2, '2023-01-25', 10, 1),
(1228, 2, '2023-01-25', 11, 1),
(1229, 2, '2023-01-25', 12, 1),
(1230, 2, '2023-01-25', 13, 1),
(1231, 2, '2023-01-27', 9, 1),
(1232, 2, '2023-01-27', 10, 1),
(1233, 2, '2023-01-27', 11, 1),
(1234, 2, '2023-01-27', 12, 1),
(1235, 2, '2023-01-27', 13, 1),
(1236, 2, '2023-01-30', 15, 1),
(1237, 2, '2023-01-30', 16, 1),
(1238, 2, '2023-01-30', 17, 1),
(1239, 2, '2023-01-30', 18, 1),
(1240, 2, '2023-01-30', 19, 1),
(1241, 2, '2023-02-01', 9, 1),
(1242, 2, '2023-02-01', 10, 1),
(1243, 2, '2023-02-01', 11, 1),
(1244, 2, '2023-02-01', 12, 1),
(1245, 2, '2023-02-01', 13, 1),
(1246, 2, '2023-02-03', 9, 1),
(1247, 2, '2023-02-03', 10, 1),
(1248, 2, '2023-02-03', 11, 1),
(1249, 2, '2023-02-03', 12, 1),
(1250, 2, '2023-02-03', 13, 1),
(1251, 2, '2023-02-06', 15, 1),
(1252, 2, '2023-02-06', 16, 1),
(1253, 2, '2023-02-06', 17, 1),
(1254, 2, '2023-02-06', 18, 1),
(1255, 2, '2023-02-06', 19, 1),
(1256, 2, '2023-02-08', 9, 1),
(1257, 2, '2023-02-08', 10, 1),
(1258, 2, '2023-02-08', 11, 1),
(1259, 2, '2023-02-08', 12, 1),
(1260, 2, '2023-02-08', 13, 1),
(1261, 2, '2023-02-10', 9, 1),
(1262, 2, '2023-02-10', 10, 1),
(1263, 2, '2023-02-10', 11, 1),
(1264, 2, '2023-02-10', 12, 1),
(1265, 2, '2023-02-10', 13, 1),
(1266, 2, '2023-02-13', 15, 1),
(1267, 2, '2023-02-13', 16, 1),
(1268, 2, '2023-02-13', 17, 1),
(1269, 2, '2023-02-13', 18, 1),
(1270, 2, '2023-02-13', 19, 1),
(1271, 2, '2023-02-15', 9, 1),
(1272, 2, '2023-02-15', 10, 1),
(1273, 2, '2023-02-15', 11, 1),
(1274, 2, '2023-02-15', 12, 1),
(1275, 2, '2023-02-15', 13, 1),
(1276, 2, '2023-02-17', 9, 1),
(1277, 2, '2023-02-17', 10, 1),
(1278, 2, '2023-02-17', 11, 1),
(1279, 2, '2023-02-17', 12, 1),
(1280, 2, '2023-02-17', 13, 1),
(1281, 2, '2023-02-20', 15, 1),
(1282, 2, '2023-02-20', 16, 1),
(1283, 2, '2023-02-20', 17, 1),
(1284, 2, '2023-02-20', 18, 1),
(1285, 2, '2023-02-20', 19, 1),
(1286, 2, '2023-02-22', 9, 1),
(1287, 2, '2023-02-22', 10, 1),
(1288, 2, '2023-02-22', 11, 1),
(1289, 2, '2023-02-22', 12, 1),
(1290, 2, '2023-02-22', 13, 1),
(1291, 2, '2023-02-24', 9, 1),
(1292, 2, '2023-02-24', 10, 1),
(1293, 2, '2023-02-24', 11, 1),
(1294, 2, '2023-02-24', 12, 1),
(1295, 2, '2023-02-24', 13, 1),
(1296, 2, '2023-02-27', 15, 1),
(1297, 2, '2023-02-27', 16, 1),
(1298, 2, '2023-02-27', 17, 1),
(1299, 2, '2023-02-27', 18, 1),
(1300, 2, '2023-02-27', 19, 1),
(1301, 2, '2023-03-01', 9, 1),
(1302, 2, '2023-03-01', 10, 1),
(1303, 2, '2023-03-01', 11, 1),
(1304, 2, '2023-03-01', 12, 1),
(1305, 2, '2023-03-01', 13, 1),
(1306, 2, '2023-03-03', 9, 1),
(1307, 2, '2023-03-03', 10, 1),
(1308, 2, '2023-03-03', 11, 1),
(1309, 2, '2023-03-03', 12, 1),
(1310, 2, '2023-03-03', 13, 1),
(1311, 2, '2023-03-06', 15, 1),
(1312, 2, '2023-03-06', 16, 1),
(1313, 2, '2023-03-06', 17, 1),
(1314, 2, '2023-03-06', 18, 1),
(1315, 2, '2023-03-06', 19, 1),
(1316, 2, '2023-03-08', 9, 1),
(1317, 2, '2023-03-08', 10, 1),
(1318, 2, '2023-03-08', 11, 1),
(1319, 2, '2023-03-08', 12, 1),
(1320, 2, '2023-03-08', 13, 1),
(1321, 2, '2023-03-10', 9, 1),
(1322, 2, '2023-03-10', 10, 1),
(1323, 2, '2023-03-10', 11, 1),
(1324, 2, '2023-03-10', 12, 1),
(1325, 2, '2023-03-10', 13, 1),
(1326, 2, '2023-03-13', 15, 1),
(1327, 2, '2023-03-13', 16, 1),
(1328, 2, '2023-03-13', 17, 1),
(1329, 2, '2023-03-13', 18, 1),
(1330, 2, '2023-03-13', 19, 1),
(1331, 2, '2023-03-15', 9, 1),
(1332, 2, '2023-03-15', 10, 1),
(1333, 2, '2023-03-15', 11, 1),
(1334, 2, '2023-03-15', 12, 1),
(1335, 2, '2023-03-15', 13, 1),
(1336, 2, '2023-03-17', 9, 1),
(1337, 2, '2023-03-17', 10, 1),
(1338, 2, '2023-03-17', 11, 1),
(1339, 2, '2023-03-17', 12, 1),
(1340, 2, '2023-03-17', 13, 1),
(1341, 2, '2023-03-20', 15, 1),
(1342, 2, '2023-03-20', 16, 1),
(1343, 2, '2023-03-20', 17, 1),
(1344, 2, '2023-03-20', 18, 1),
(1345, 2, '2023-03-20', 19, 1),
(1346, 2, '2023-03-22', 9, 1),
(1347, 2, '2023-03-22', 10, 1),
(1348, 2, '2023-03-22', 11, 1),
(1349, 2, '2023-03-22', 12, 1),
(1350, 2, '2023-03-22', 13, 1),
(1351, 2, '2023-03-24', 9, 1),
(1352, 2, '2023-03-24', 10, 1),
(1353, 2, '2023-03-24', 11, 1),
(1354, 2, '2023-03-24', 12, 1),
(1355, 2, '2023-03-24', 13, 1),
(1356, 2, '2023-03-27', 15, 1),
(1357, 2, '2023-03-27', 16, 1),
(1358, 2, '2023-03-27', 17, 1),
(1359, 2, '2023-03-27', 18, 1),
(1360, 2, '2023-03-27', 19, 1),
(1361, 2, '2023-03-29', 9, 1),
(1362, 2, '2023-03-29', 10, 1),
(1363, 2, '2023-03-29', 11, 1),
(1364, 2, '2023-03-29', 12, 1),
(1365, 2, '2023-03-29', 13, 1),
(1366, 2, '2023-03-31', 9, 1),
(1367, 2, '2023-03-31', 10, 1),
(1368, 2, '2023-03-31', 11, 1),
(1369, 2, '2023-03-31', 12, 1),
(1370, 2, '2023-03-31', 13, 1),
(1371, 2, '2023-04-03', 15, 1),
(1372, 2, '2023-04-03', 16, 1),
(1373, 2, '2023-04-03', 17, 1),
(1374, 2, '2023-04-03', 18, 1),
(1375, 2, '2023-04-03', 19, 1),
(1376, 2, '2023-04-05', 9, 1),
(1377, 2, '2023-04-05', 10, 1),
(1378, 2, '2023-04-05', 11, 1),
(1379, 2, '2023-04-05', 12, 1),
(1380, 2, '2023-04-05', 13, 1),
(1381, 2, '2023-04-07', 9, 1),
(1382, 2, '2023-04-07', 10, 1),
(1383, 2, '2023-04-07', 11, 1),
(1384, 2, '2023-04-07', 12, 1),
(1385, 2, '2023-04-07', 13, 1),
(1386, 2, '2023-04-10', 15, 1),
(1387, 2, '2023-04-10', 16, 1),
(1388, 2, '2023-04-10', 17, 1),
(1389, 2, '2023-04-10', 18, 1),
(1390, 2, '2023-04-10', 19, 1),
(1391, 2, '2023-04-12', 9, 1),
(1392, 2, '2023-04-12', 10, 1),
(1393, 2, '2023-04-12', 11, 1),
(1394, 2, '2023-04-12', 12, 1),
(1395, 2, '2023-04-12', 13, 1),
(1396, 2, '2023-04-14', 9, 1),
(1397, 2, '2023-04-14', 10, 1),
(1398, 2, '2023-04-14', 11, 1),
(1399, 2, '2023-04-14', 12, 1),
(1400, 2, '2023-04-14', 13, 1),
(1401, 2, '2023-04-17', 15, 1),
(1402, 2, '2023-04-17', 16, 1),
(1403, 2, '2023-04-17', 17, 1),
(1404, 2, '2023-04-17', 18, 1),
(1405, 2, '2023-04-17', 19, 1),
(1406, 2, '2023-04-19', 9, 1),
(1407, 2, '2023-04-19', 10, 1),
(1408, 2, '2023-04-19', 11, 1),
(1409, 2, '2023-04-19', 12, 1),
(1410, 2, '2023-04-19', 13, 1),
(1411, 2, '2023-04-21', 9, 1),
(1412, 2, '2023-04-21', 10, 1),
(1413, 2, '2023-04-21', 11, 1),
(1414, 2, '2023-04-21', 12, 1),
(1415, 2, '2023-04-21', 13, 1),
(1416, 2, '2023-04-24', 15, 1),
(1417, 2, '2023-04-24', 16, 1),
(1418, 2, '2023-04-24', 17, 1),
(1419, 2, '2023-04-24', 18, 1),
(1420, 2, '2023-04-24', 19, 1),
(1421, 2, '2023-04-26', 9, 1),
(1422, 2, '2023-04-26', 10, 1),
(1423, 2, '2023-04-26', 11, 1),
(1424, 2, '2023-04-26', 12, 1),
(1425, 2, '2023-04-26', 13, 1),
(1426, 2, '2023-04-28', 9, 1),
(1427, 2, '2023-04-28', 10, 1),
(1428, 2, '2023-04-28', 11, 1),
(1429, 2, '2023-04-28', 12, 1),
(1430, 2, '2023-04-28', 13, 1),
(1431, 2, '2023-05-01', 15, 1),
(1432, 2, '2023-05-01', 16, 1),
(1433, 2, '2023-05-01', 17, 1),
(1434, 2, '2023-05-01', 18, 1),
(1435, 2, '2023-05-01', 19, 1),
(1436, 2, '2023-05-03', 9, 1),
(1437, 2, '2023-05-03', 10, 1),
(1438, 2, '2023-05-03', 11, 1),
(1439, 2, '2023-05-03', 12, 1),
(1440, 2, '2023-05-03', 13, 1),
(1441, 2, '2023-05-05', 9, 1),
(1442, 2, '2023-05-05', 10, 1),
(1443, 2, '2023-05-05', 11, 1),
(1444, 2, '2023-05-05', 12, 1),
(1445, 2, '2023-05-05', 13, 1),
(1446, 2, '2023-05-08', 15, 1),
(1447, 2, '2023-05-08', 16, 1),
(1448, 2, '2023-05-08', 17, 1),
(1449, 2, '2023-05-08', 18, 1),
(1450, 2, '2023-05-08', 19, 1),
(1451, 2, '2023-05-10', 9, 1),
(1452, 2, '2023-05-10', 10, 1),
(1453, 2, '2023-05-10', 11, 1),
(1454, 2, '2023-05-10', 12, 1),
(1455, 2, '2023-05-10', 13, 1),
(1456, 2, '2023-05-12', 9, 1),
(1457, 2, '2023-05-12', 10, 1),
(1458, 2, '2023-05-12', 11, 1),
(1459, 2, '2023-05-12', 12, 1),
(1460, 2, '2023-05-12', 13, 1),
(1461, 2, '2023-05-15', 15, 1),
(1462, 2, '2023-05-15', 16, 1),
(1463, 2, '2023-05-15', 17, 1),
(1464, 2, '2023-05-15', 18, 1),
(1465, 2, '2023-05-15', 19, 1),
(1466, 2, '2023-05-17', 9, 1),
(1467, 2, '2023-05-17', 10, 1),
(1468, 2, '2023-05-17', 11, 1),
(1469, 2, '2023-05-17', 12, 1),
(1470, 2, '2023-05-17', 13, 1),
(1471, 2, '2023-05-19', 9, 1),
(1472, 2, '2023-05-19', 10, 1),
(1473, 2, '2023-05-19', 11, 1),
(1474, 2, '2023-05-19', 12, 1),
(1475, 2, '2023-05-19', 13, 1),
(1476, 2, '2023-05-22', 15, 1),
(1477, 2, '2023-05-22', 16, 1),
(1478, 2, '2023-05-22', 17, 1),
(1479, 2, '2023-05-22', 18, 1),
(1480, 2, '2023-05-22', 19, 1),
(1481, 2, '2023-05-24', 9, 1),
(1482, 2, '2023-05-24', 10, 1),
(1483, 2, '2023-05-24', 11, 1),
(1484, 2, '2023-05-24', 12, 1),
(1485, 2, '2023-05-24', 13, 1),
(1486, 2, '2023-05-26', 9, 1),
(1487, 2, '2023-05-26', 10, 1),
(1488, 2, '2023-05-26', 11, 1),
(1489, 2, '2023-05-26', 12, 1),
(1490, 2, '2023-05-26', 13, 1),
(1491, 2, '2023-05-29', 15, 1),
(1492, 2, '2023-05-29', 16, 1),
(1493, 2, '2023-05-29', 17, 1),
(1494, 2, '2023-05-29', 18, 1),
(1495, 2, '2023-05-29', 19, 1),
(1496, 2, '2023-05-31', 9, 1),
(1497, 2, '2023-05-31', 10, 1),
(1498, 2, '2023-05-31', 11, 1),
(1499, 2, '2023-05-31', 12, 1),
(1500, 2, '2023-05-31', 13, 1),
(1501, 2, '2023-06-02', 9, 1),
(1502, 2, '2023-06-02', 10, 1),
(1503, 2, '2023-06-02', 11, 1),
(1504, 2, '2023-06-02', 12, 1),
(1505, 2, '2023-06-02', 13, 1),
(1506, 2, '2023-06-05', 15, 1),
(1507, 2, '2023-06-05', 16, 1),
(1508, 2, '2023-06-05', 17, 1),
(1509, 2, '2023-06-05', 18, 1),
(1510, 2, '2023-06-05', 19, 1),
(1511, 2, '2023-06-07', 9, 1),
(1512, 2, '2023-06-07', 10, 1),
(1513, 2, '2023-06-07', 11, 1),
(1514, 2, '2023-06-07', 12, 1),
(1515, 2, '2023-06-07', 13, 1),
(1516, 2, '2023-06-09', 9, 1),
(1517, 2, '2023-06-09', 10, 1),
(1518, 2, '2023-06-09', 11, 1),
(1519, 2, '2023-06-09', 12, 1),
(1520, 2, '2023-06-09', 13, 1),
(1521, 2, '2023-06-12', 15, 1),
(1522, 2, '2023-06-12', 16, 1),
(1523, 2, '2023-06-12', 17, 1),
(1524, 2, '2023-06-12', 18, 1),
(1525, 2, '2023-06-12', 19, 1),
(1526, 2, '2023-06-14', 9, 1),
(1527, 2, '2023-06-14', 10, 1),
(1528, 2, '2023-06-14', 11, 1),
(1529, 2, '2023-06-14', 12, 1),
(1530, 2, '2023-06-14', 13, 1),
(1531, 2, '2023-06-16', 9, 1),
(1532, 2, '2023-06-16', 10, 1),
(1533, 2, '2023-06-16', 11, 1),
(1534, 2, '2023-06-16', 12, 1),
(1535, 2, '2023-06-16', 13, 1),
(1536, 2, '2023-06-19', 15, 1),
(1537, 2, '2023-06-19', 16, 1),
(1538, 2, '2023-06-19', 17, 1),
(1539, 2, '2023-06-19', 18, 1),
(1540, 2, '2023-06-19', 19, 1),
(1541, 2, '2023-06-21', 9, 1),
(1542, 2, '2023-06-21', 10, 1),
(1543, 2, '2023-06-21', 11, 1),
(1544, 2, '2023-06-21', 12, 1),
(1545, 2, '2023-06-21', 13, 1),
(1546, 2, '2023-06-23', 9, 1),
(1547, 2, '2023-06-23', 10, 1),
(1548, 2, '2023-06-23', 11, 1),
(1549, 2, '2023-06-23', 12, 1),
(1550, 2, '2023-06-23', 13, 1),
(1551, 2, '2023-06-26', 15, 1),
(1552, 2, '2023-06-26', 16, 1),
(1553, 2, '2023-06-26', 17, 1),
(1554, 2, '2023-06-26', 18, 1),
(1555, 2, '2023-06-26', 19, 1),
(1556, 2, '2023-06-28', 9, 1),
(1557, 2, '2023-06-28', 10, 1),
(1558, 2, '2023-06-28', 11, 1),
(1559, 2, '2023-06-28', 12, 1),
(1560, 2, '2023-06-28', 13, 1),
(1561, 2, '2023-06-30', 9, 1),
(1562, 2, '2023-06-30', 10, 1),
(1563, 2, '2023-06-30', 11, 1),
(1564, 2, '2023-06-30', 12, 1),
(1565, 2, '2023-06-30', 13, 1),
(1566, 2, '2023-07-03', 15, 1),
(1567, 2, '2023-07-03', 16, 1),
(1568, 2, '2023-07-03', 17, 1),
(1569, 2, '2023-07-03', 18, 1),
(1570, 2, '2023-07-03', 19, 1),
(1571, 2, '2023-07-05', 9, 1),
(1572, 2, '2023-07-05', 10, 1),
(1573, 2, '2023-07-05', 11, 1),
(1574, 2, '2023-07-05', 12, 1),
(1575, 2, '2023-07-05', 13, 1),
(1576, 2, '2023-07-07', 9, 1),
(1577, 2, '2023-07-07', 10, 1),
(1578, 2, '2023-07-07', 11, 1),
(1579, 2, '2023-07-07', 12, 1),
(1580, 2, '2023-07-07', 13, 1),
(1581, 2, '2023-07-10', 15, 1),
(1582, 2, '2023-07-10', 16, 1),
(1583, 2, '2023-07-10', 17, 1),
(1584, 2, '2023-07-10', 18, 1),
(1585, 2, '2023-07-10', 19, 1),
(1586, 2, '2023-07-12', 9, 1),
(1587, 2, '2023-07-12', 10, 1),
(1588, 2, '2023-07-12', 11, 1),
(1589, 2, '2023-07-12', 12, 1),
(1590, 2, '2023-07-12', 13, 1),
(1591, 2, '2023-07-14', 9, 1),
(1592, 2, '2023-07-14', 10, 1),
(1593, 2, '2023-07-14', 11, 1),
(1594, 2, '2023-07-14', 12, 1),
(1595, 2, '2023-07-14', 13, 1),
(1596, 2, '2023-07-17', 15, 1),
(1597, 2, '2023-07-17', 16, 1),
(1598, 2, '2023-07-17', 17, 1),
(1599, 2, '2023-07-17', 18, 1),
(1600, 2, '2023-07-17', 19, 1),
(1601, 2, '2023-07-19', 9, 1),
(1602, 2, '2023-07-19', 10, 1),
(1603, 2, '2023-07-19', 11, 1),
(1604, 2, '2023-07-19', 12, 1),
(1605, 2, '2023-07-19', 13, 1),
(1606, 2, '2023-07-21', 9, 1),
(1607, 2, '2023-07-21', 10, 1),
(1608, 2, '2023-07-21', 11, 1),
(1609, 2, '2023-07-21', 12, 1),
(1610, 2, '2023-07-21', 13, 1),
(1611, 2, '2023-07-24', 15, 1),
(1612, 2, '2023-07-24', 16, 1),
(1613, 2, '2023-07-24', 17, 1),
(1614, 2, '2023-07-24', 18, 1),
(1615, 2, '2023-07-24', 19, 1),
(1616, 2, '2023-07-26', 9, 1),
(1617, 2, '2023-07-26', 10, 1),
(1618, 2, '2023-07-26', 11, 1),
(1619, 2, '2023-07-26', 12, 1),
(1620, 2, '2023-07-26', 13, 1),
(1621, 2, '2023-07-28', 9, 1),
(1622, 2, '2023-07-28', 10, 1),
(1623, 2, '2023-07-28', 11, 1),
(1624, 2, '2023-07-28', 12, 1),
(1625, 2, '2023-07-28', 13, 1),
(1626, 2, '2023-07-31', 15, 1),
(1627, 2, '2023-07-31', 16, 1),
(1628, 2, '2023-07-31', 17, 1),
(1629, 2, '2023-07-31', 18, 1),
(1630, 2, '2023-07-31', 19, 1),
(1631, 2, '2023-08-02', 9, 1),
(1632, 2, '2023-08-02', 10, 1),
(1633, 2, '2023-08-02', 11, 1),
(1634, 2, '2023-08-02', 12, 1),
(1635, 2, '2023-08-02', 13, 1),
(1636, 2, '2023-08-04', 9, 1),
(1637, 2, '2023-08-04', 10, 1),
(1638, 2, '2023-08-04', 11, 1),
(1639, 2, '2023-08-04', 12, 1),
(1640, 2, '2023-08-04', 13, 1),
(1641, 2, '2023-08-07', 15, 1),
(1642, 2, '2023-08-07', 16, 1),
(1643, 2, '2023-08-07', 17, 1),
(1644, 2, '2023-08-07', 18, 1),
(1645, 2, '2023-08-07', 19, 1),
(1646, 2, '2023-08-09', 9, 1),
(1647, 2, '2023-08-09', 10, 1),
(1648, 2, '2023-08-09', 11, 1),
(1649, 2, '2023-08-09', 12, 1),
(1650, 2, '2023-08-09', 13, 1),
(1651, 2, '2023-08-11', 9, 1),
(1652, 2, '2023-08-11', 10, 1),
(1653, 2, '2023-08-11', 11, 1),
(1654, 2, '2023-08-11', 12, 1),
(1655, 2, '2023-08-11', 13, 1),
(1656, 2, '2023-08-14', 15, 1),
(1657, 2, '2023-08-14', 16, 1),
(1658, 2, '2023-08-14', 17, 1),
(1659, 2, '2023-08-14', 18, 1),
(1660, 2, '2023-08-14', 19, 1),
(1661, 2, '2023-08-16', 9, 1),
(1662, 2, '2023-08-16', 10, 1),
(1663, 2, '2023-08-16', 11, 1),
(1664, 2, '2023-08-16', 12, 1),
(1665, 2, '2023-08-16', 13, 1),
(1666, 2, '2023-08-18', 9, 1),
(1667, 2, '2023-08-18', 10, 1),
(1668, 2, '2023-08-18', 11, 1),
(1669, 2, '2023-08-18', 12, 1),
(1670, 2, '2023-08-18', 13, 1),
(1671, 2, '2023-08-21', 15, 1),
(1672, 2, '2023-08-21', 16, 1),
(1673, 2, '2023-08-21', 17, 1),
(1674, 2, '2023-08-21', 18, 1),
(1675, 2, '2023-08-21', 19, 1),
(1676, 2, '2023-08-23', 9, 1),
(1677, 2, '2023-08-23', 10, 1),
(1678, 2, '2023-08-23', 11, 1),
(1679, 2, '2023-08-23', 12, 1),
(1680, 2, '2023-08-23', 13, 1),
(1681, 2, '2023-08-25', 9, 1),
(1682, 2, '2023-08-25', 10, 1),
(1683, 2, '2023-08-25', 11, 1),
(1684, 2, '2023-08-25', 12, 1),
(1685, 2, '2023-08-25', 13, 1),
(1686, 2, '2023-08-28', 15, 1),
(1687, 2, '2023-08-28', 16, 1),
(1688, 2, '2023-08-28', 17, 1),
(1689, 2, '2023-08-28', 18, 1),
(1690, 2, '2023-08-28', 19, 1),
(1691, 2, '2023-08-30', 9, 1),
(1692, 2, '2023-08-30', 10, 1),
(1693, 2, '2023-08-30', 11, 1),
(1694, 2, '2023-08-30', 12, 1),
(1695, 2, '2023-08-30', 13, 1),
(1696, 2, '2023-09-01', 9, 1),
(1697, 2, '2023-09-01', 10, 1),
(1698, 2, '2023-09-01', 11, 1),
(1699, 2, '2023-09-01', 12, 1),
(1700, 2, '2023-09-01', 13, 1),
(1701, 2, '2023-09-04', 15, 1),
(1702, 2, '2023-09-04', 16, 1),
(1703, 2, '2023-09-04', 17, 1),
(1704, 2, '2023-09-04', 18, 1),
(1705, 2, '2023-09-04', 19, 1),
(1706, 2, '2023-09-06', 9, 1),
(1707, 2, '2023-09-06', 10, 1),
(1708, 2, '2023-09-06', 11, 1),
(1709, 2, '2023-09-06', 12, 1),
(1710, 2, '2023-09-06', 13, 1),
(1711, 2, '2023-09-08', 9, 1),
(1712, 2, '2023-09-08', 10, 1),
(1713, 2, '2023-09-08', 11, 1),
(1714, 2, '2023-09-08', 12, 1),
(1715, 2, '2023-09-08', 13, 1),
(1716, 2, '2023-09-11', 15, 1),
(1717, 2, '2023-09-11', 16, 1),
(1718, 2, '2023-09-11', 17, 1),
(1719, 2, '2023-09-11', 18, 1),
(1720, 2, '2023-09-11', 19, 1),
(1721, 1, '2022-09-12', 9, 1),
(1722, 1, '2022-09-12', 10, 1),
(1723, 1, '2022-09-12', 11, 1),
(1724, 1, '2022-09-12', 12, 1),
(1725, 1, '2022-09-12', 13, 1),
(1726, 1, '2022-09-13', 9, 1),
(1727, 1, '2022-09-13', 10, 1),
(1728, 1, '2022-09-13', 11, 1),
(1729, 1, '2022-09-13', 12, 1),
(1730, 1, '2022-09-13', 13, 1),
(1731, 1, '2022-09-15', 15, 1),
(1732, 1, '2022-09-15', 16, 1),
(1733, 1, '2022-09-15', 17, 1),
(1734, 1, '2022-09-15', 18, 1),
(1735, 1, '2022-09-15', 19, 1),
(1736, 1, '2022-09-19', 9, 1),
(1737, 1, '2022-09-19', 10, 1),
(1738, 1, '2022-09-19', 11, 1),
(1739, 1, '2022-09-19', 12, 1),
(1740, 1, '2022-09-19', 13, 1),
(1741, 1, '2022-09-20', 9, 1),
(1742, 1, '2022-09-20', 10, 1),
(1743, 1, '2022-09-20', 11, 1),
(1744, 1, '2022-09-20', 12, 1),
(1745, 1, '2022-09-20', 13, 1),
(1746, 1, '2022-09-22', 15, 1),
(1747, 1, '2022-09-22', 16, 1),
(1748, 1, '2022-09-22', 17, 1),
(1749, 1, '2022-09-22', 18, 1),
(1750, 1, '2022-09-22', 19, 1),
(1751, 1, '2022-09-26', 9, 1),
(1752, 1, '2022-09-26', 10, 1),
(1753, 1, '2022-09-26', 11, 1),
(1754, 1, '2022-09-26', 12, 1),
(1755, 1, '2022-09-26', 13, 1),
(1756, 1, '2022-09-27', 9, 1),
(1757, 1, '2022-09-27', 10, 1),
(1758, 1, '2022-09-27', 11, 1),
(1759, 1, '2022-09-27', 12, 1),
(1760, 1, '2022-09-27', 13, 1),
(1761, 1, '2022-09-29', 15, 1),
(1762, 1, '2022-09-29', 16, 1),
(1763, 1, '2022-09-29', 17, 1),
(1764, 1, '2022-09-29', 18, 1),
(1765, 1, '2022-09-29', 19, 1),
(1766, 1, '2022-10-03', 9, 1),
(1767, 1, '2022-10-03', 10, 1),
(1768, 1, '2022-10-03', 11, 1),
(1769, 1, '2022-10-03', 12, 1),
(1770, 1, '2022-10-03', 13, 1),
(1771, 1, '2022-10-04', 9, 1),
(1772, 1, '2022-10-04', 10, 1),
(1773, 1, '2022-10-04', 11, 1),
(1774, 1, '2022-10-04', 12, 1),
(1775, 1, '2022-10-04', 13, 1),
(1776, 1, '2022-10-06', 15, 1),
(1777, 1, '2022-10-06', 16, 1),
(1778, 1, '2022-10-06', 17, 1),
(1779, 1, '2022-10-06', 18, 1),
(1780, 1, '2022-10-06', 19, 1),
(1781, 1, '2022-10-10', 9, 1),
(1782, 1, '2022-10-10', 10, 1),
(1783, 1, '2022-10-10', 11, 1),
(1784, 1, '2022-10-10', 12, 1),
(1785, 1, '2022-10-10', 13, 1),
(1786, 1, '2022-10-11', 9, 1),
(1787, 1, '2022-10-11', 10, 1),
(1788, 1, '2022-10-11', 11, 1),
(1789, 1, '2022-10-11', 12, 1),
(1790, 1, '2022-10-11', 13, 1),
(1791, 1, '2022-10-13', 15, 1),
(1792, 1, '2022-10-13', 16, 1),
(1793, 1, '2022-10-13', 17, 1),
(1794, 1, '2022-10-13', 18, 1),
(1795, 1, '2022-10-13', 19, 1),
(1796, 1, '2022-10-17', 9, 1),
(1797, 1, '2022-10-17', 10, 1),
(1798, 1, '2022-10-17', 11, 1),
(1799, 1, '2022-10-17', 12, 1),
(1800, 1, '2022-10-17', 13, 1),
(1801, 1, '2022-10-18', 9, 1),
(1802, 1, '2022-10-18', 10, 1),
(1803, 1, '2022-10-18', 11, 1),
(1804, 1, '2022-10-18', 12, 1),
(1805, 1, '2022-10-18', 13, 1),
(1806, 1, '2022-10-20', 15, 1),
(1807, 1, '2022-10-20', 16, 1),
(1808, 1, '2022-10-20', 17, 1),
(1809, 1, '2022-10-20', 18, 1),
(1810, 1, '2022-10-20', 19, 1),
(1811, 1, '2022-10-24', 9, 1),
(1812, 1, '2022-10-24', 10, 1),
(1813, 1, '2022-10-24', 11, 1),
(1814, 1, '2022-10-24', 12, 1),
(1815, 1, '2022-10-24', 13, 1),
(1816, 1, '2022-10-25', 9, 1),
(1817, 1, '2022-10-25', 10, 1),
(1818, 1, '2022-10-25', 11, 1),
(1819, 1, '2022-10-25', 12, 1),
(1820, 1, '2022-10-25', 13, 1),
(1821, 1, '2022-10-27', 15, 1),
(1822, 1, '2022-10-27', 16, 1),
(1823, 1, '2022-10-27', 17, 1),
(1824, 1, '2022-10-27', 18, 1),
(1825, 1, '2022-10-27', 19, 1),
(1826, 1, '2022-10-31', 9, 1),
(1827, 1, '2022-10-31', 10, 1),
(1828, 1, '2022-10-31', 11, 1),
(1829, 1, '2022-10-31', 12, 1),
(1830, 1, '2022-10-31', 13, 1),
(1831, 1, '2022-11-01', 9, 1),
(1832, 1, '2022-11-01', 10, 1),
(1833, 1, '2022-11-01', 11, 1),
(1834, 1, '2022-11-01', 12, 1),
(1835, 1, '2022-11-01', 13, 1),
(1836, 1, '2022-11-03', 15, 1),
(1837, 1, '2022-11-03', 16, 1),
(1838, 1, '2022-11-03', 17, 1),
(1839, 1, '2022-11-03', 18, 1),
(1840, 1, '2022-11-03', 19, 1),
(1841, 1, '2022-11-07', 9, 1),
(1842, 1, '2022-11-07', 10, 1),
(1843, 1, '2022-11-07', 11, 1),
(1844, 1, '2022-11-07', 12, 1),
(1845, 1, '2022-11-07', 13, 1),
(1846, 1, '2022-11-08', 9, 1),
(1847, 1, '2022-11-08', 10, 1),
(1848, 1, '2022-11-08', 11, 1),
(1849, 1, '2022-11-08', 12, 1),
(1850, 1, '2022-11-08', 13, 1),
(1851, 1, '2022-11-10', 15, 1),
(1852, 1, '2022-11-10', 16, 1),
(1853, 1, '2022-11-10', 17, 1),
(1854, 1, '2022-11-10', 18, 1),
(1855, 1, '2022-11-10', 19, 1),
(1856, 1, '2022-11-14', 9, 1),
(1857, 1, '2022-11-14', 10, 1),
(1858, 1, '2022-11-14', 11, 1),
(1859, 1, '2022-11-14', 12, 1),
(1860, 1, '2022-11-14', 13, 1),
(1861, 1, '2022-11-15', 9, 1),
(1862, 1, '2022-11-15', 10, 1),
(1863, 1, '2022-11-15', 11, 1),
(1864, 1, '2022-11-15', 12, 1),
(1865, 1, '2022-11-15', 13, 1),
(1866, 1, '2022-11-17', 15, 1),
(1867, 1, '2022-11-17', 16, 1),
(1868, 1, '2022-11-17', 17, 1),
(1869, 1, '2022-11-17', 18, 1),
(1870, 1, '2022-11-17', 19, 1),
(1871, 1, '2022-11-21', 9, 1),
(1872, 1, '2022-11-21', 10, 1),
(1873, 1, '2022-11-21', 11, 1),
(1874, 1, '2022-11-21', 12, 1),
(1875, 1, '2022-11-21', 13, 1),
(1876, 1, '2022-11-22', 9, 1),
(1877, 1, '2022-11-22', 10, 1),
(1878, 1, '2022-11-22', 11, 1),
(1879, 1, '2022-11-22', 12, 1),
(1880, 1, '2022-11-22', 13, 1),
(1881, 1, '2022-11-24', 15, 1),
(1882, 1, '2022-11-24', 16, 1),
(1883, 1, '2022-11-24', 17, 1),
(1884, 1, '2022-11-24', 18, 1),
(1885, 1, '2022-11-24', 19, 1),
(1886, 1, '2022-11-28', 9, 1),
(1887, 1, '2022-11-28', 10, 1),
(1888, 1, '2022-11-28', 11, 1),
(1889, 1, '2022-11-28', 12, 1),
(1890, 1, '2022-11-28', 13, 1),
(1891, 1, '2022-11-29', 9, 1),
(1892, 1, '2022-11-29', 10, 1),
(1893, 1, '2022-11-29', 11, 1),
(1894, 1, '2022-11-29', 12, 1),
(1895, 1, '2022-11-29', 13, 1),
(1896, 1, '2022-12-01', 15, 1),
(1897, 1, '2022-12-01', 16, 1),
(1898, 1, '2022-12-01', 17, 1),
(1899, 1, '2022-12-01', 18, 1),
(1900, 1, '2022-12-01', 19, 1),
(1901, 1, '2022-12-05', 9, 1),
(1902, 1, '2022-12-05', 10, 1),
(1903, 1, '2022-12-05', 11, 1),
(1904, 1, '2022-12-05', 12, 1),
(1905, 1, '2022-12-05', 13, 1),
(1906, 1, '2022-12-06', 9, 1),
(1907, 1, '2022-12-06', 10, 1),
(1908, 1, '2022-12-06', 11, 1),
(1909, 1, '2022-12-06', 12, 1),
(1910, 1, '2022-12-06', 13, 1),
(1911, 1, '2022-12-08', 15, 1),
(1912, 1, '2022-12-08', 16, 1),
(1913, 1, '2022-12-08', 17, 1),
(1914, 1, '2022-12-08', 18, 1),
(1915, 1, '2022-12-08', 19, 1),
(1916, 1, '2022-12-12', 9, 1),
(1917, 1, '2022-12-12', 10, 1),
(1918, 1, '2022-12-12', 11, 1),
(1919, 1, '2022-12-12', 12, 1),
(1920, 1, '2022-12-12', 13, 1),
(1921, 1, '2022-12-13', 9, 1),
(1922, 1, '2022-12-13', 10, 1),
(1923, 1, '2022-12-13', 11, 1),
(1924, 1, '2022-12-13', 12, 1),
(1925, 1, '2022-12-13', 13, 1),
(1926, 1, '2022-12-15', 15, 1),
(1927, 1, '2022-12-15', 16, 1),
(1928, 1, '2022-12-15', 17, 1),
(1929, 1, '2022-12-15', 18, 1),
(1930, 1, '2022-12-15', 19, 1),
(1931, 1, '2022-12-19', 9, 1),
(1932, 1, '2022-12-19', 10, 1),
(1933, 1, '2022-12-19', 11, 1),
(1934, 1, '2022-12-19', 12, 1),
(1935, 1, '2022-12-19', 13, 1),
(1936, 1, '2022-12-20', 9, 1),
(1937, 1, '2022-12-20', 10, 1),
(1938, 1, '2022-12-20', 11, 1),
(1939, 1, '2022-12-20', 12, 1),
(1940, 1, '2022-12-20', 13, 1),
(1941, 1, '2022-12-22', 15, 1),
(1942, 1, '2022-12-22', 16, 1),
(1943, 1, '2022-12-22', 17, 1),
(1944, 1, '2022-12-22', 18, 1),
(1945, 1, '2022-12-22', 19, 1),
(1946, 1, '2022-12-26', 9, 1),
(1947, 1, '2022-12-26', 10, 1),
(1948, 1, '2022-12-26', 11, 1),
(1949, 1, '2022-12-26', 12, 1),
(1950, 1, '2022-12-26', 13, 1),
(1951, 1, '2022-12-27', 9, 1),
(1952, 1, '2022-12-27', 10, 1),
(1953, 1, '2022-12-27', 11, 1),
(1954, 1, '2022-12-27', 12, 1),
(1955, 1, '2022-12-27', 13, 1),
(1956, 1, '2022-12-29', 15, 1),
(1957, 1, '2022-12-29', 16, 1),
(1958, 1, '2022-12-29', 17, 1),
(1959, 1, '2022-12-29', 18, 1),
(1960, 1, '2022-12-29', 19, 1);

-- --------------------------------------------------------

--
-- Estructura de tabla para la tabla `doctrine_migration_versions`
--

CREATE TABLE `doctrine_migration_versions` (
  `version` varchar(191) COLLATE utf8_unicode_ci NOT NULL,
  `executed_at` datetime DEFAULT NULL,
  `execution_time` int(11) DEFAULT NULL
) ENGINE=InnoDB DEFAULT CHARSET=utf8 COLLATE=utf8_unicode_ci;

--
-- Volcado de datos para la tabla `doctrine_migration_versions`
--

INSERT INTO `doctrine_migration_versions` (`version`, `executed_at`, `execution_time`) VALUES
('DoctrineMigrations\\Version20220912130512', '2022-09-12 13:05:19', 601);

-- --------------------------------------------------------

--
-- Estructura de tabla para la tabla `especialidades`
--

CREATE TABLE `especialidades` (
  `idespecialidad` int(11) NOT NULL,
  `especialidad` varchar(60) COLLATE utf8mb4_unicode_ci NOT NULL
) ENGINE=InnoDB DEFAULT CHARSET=utf8mb4 COLLATE=utf8mb4_unicode_ci;

--
-- Volcado de datos para la tabla `especialidades`
--

INSERT INTO `especialidades` (`idespecialidad`, `especialidad`) VALUES
(1, 'FISIOTERAPEUTA'),
(2, 'OSTEOPATA');

-- --------------------------------------------------------

--
-- Estructura de tabla para la tabla `facultativos`
--

CREATE TABLE `facultativos` (
  `idfacultativo` int(11) NOT NULL,
  `especialidad` int(11) NOT NULL,
  `idusuario` int(11) NOT NULL,
  `nombre` varchar(40) COLLATE utf8mb4_unicode_ci NOT NULL,
  `apellido1` varchar(40) COLLATE utf8mb4_unicode_ci NOT NULL,
  `apellido2` varchar(40) COLLATE utf8mb4_unicode_ci DEFAULT NULL,
  `telefono` varchar(15) COLLATE utf8mb4_unicode_ci NOT NULL
) ENGINE=InnoDB DEFAULT CHARSET=utf8mb4 COLLATE=utf8mb4_unicode_ci;

--
-- Volcado de datos para la tabla `facultativos`
--

INSERT INTO `facultativos` (`idfacultativo`, `especialidad`, `idusuario`, `nombre`, `apellido1`, `apellido2`, `telefono`) VALUES
(1, 1, 2, 'Alberto', 'Rico', 'Fern치ndez', '654789988'),
(2, 2, 3, 'Antonio', 'Bermejo', 'Caro', '612345678');

-- --------------------------------------------------------

--
-- Estructura de tabla para la tabla `informes`
--

CREATE TABLE `informes` (
  `idinforme` int(11) NOT NULL,
  `idfacultativo` int(11) NOT NULL,
  `idpaciente` int(11) NOT NULL,
  `fecha` date NOT NULL,
  `tipoinforme` varchar(20) COLLATE utf8mb4_unicode_ci NOT NULL,
  `detalle` longtext COLLATE utf8mb4_unicode_ci DEFAULT NULL
) ENGINE=InnoDB DEFAULT CHARSET=utf8mb4 COLLATE=utf8mb4_unicode_ci;

--
-- Volcado de datos para la tabla `informes`
--

INSERT INTO `informes` (`idinforme`, `idfacultativo`, `idpaciente`, `fecha`, `tipoinforme`, `detalle`) VALUES
(1, 2, 1, '2022-09-12', 'ESTANDARD', 'El Paciente llega a consulta con dolores lumbares'),
(2, 1, 1, '2022-09-12', 'ESTANDARD', 'Segundo Informe'),
(3, 1, 1, '2022-09-12', 'ESTANDARD', 'Segundo Informe'),
(4, 1, 1, '2022-09-12', 'ESTANDARD', 'Informe 3'),
(5, 1, 1, '2022-09-12', 'URGENCIA', 'Viene de Urgencia'),
(6, 1, 1, '2022-09-12', 'ESTANDARD', 'Revision');

-- --------------------------------------------------------

--
-- Estructura de tabla para la tabla `messenger_messages`
--

CREATE TABLE `messenger_messages` (
  `id` bigint(20) NOT NULL,
  `body` longtext COLLATE utf8mb4_unicode_ci NOT NULL,
  `headers` longtext COLLATE utf8mb4_unicode_ci NOT NULL,
  `queue_name` varchar(190) COLLATE utf8mb4_unicode_ci NOT NULL,
  `created_at` datetime NOT NULL,
  `available_at` datetime NOT NULL,
  `delivered_at` datetime DEFAULT NULL
) ENGINE=InnoDB DEFAULT CHARSET=utf8mb4 COLLATE=utf8mb4_unicode_ci;

--
-- Volcado de datos para la tabla `messenger_messages`
--

INSERT INTO `messenger_messages` (`id`, `body`, `headers`, `queue_name`, `created_at`, `available_at`, `delivered_at`) VALUES
(1, 'O:36:\\\"Symfony\\\\Component\\\\Messenger\\\\Envelope\\\":2:{s:44:\\\"\\0Symfony\\\\Component\\\\Messenger\\\\Envelope\\0stamps\\\";a:1:{s:46:\\\"Symfony\\\\Component\\\\Messenger\\\\Stamp\\\\BusNameStamp\\\";a:1:{i:0;O:46:\\\"Symfony\\\\Component\\\\Messenger\\\\Stamp\\\\BusNameStamp\\\":1:{s:55:\\\"\\0Symfony\\\\Component\\\\Messenger\\\\Stamp\\\\BusNameStamp\\0busName\\\";s:21:\\\"messenger.bus.default\\\";}}}s:45:\\\"\\0Symfony\\\\Component\\\\Messenger\\\\Envelope\\0message\\\";O:51:\\\"Symfony\\\\Component\\\\Mailer\\\\Messenger\\\\SendEmailMessage\\\":2:{s:60:\\\"\\0Symfony\\\\Component\\\\Mailer\\\\Messenger\\\\SendEmailMessage\\0message\\\";O:39:\\\"Symfony\\\\Bridge\\\\Twig\\\\Mime\\\\TemplatedEmail\\\":4:{i:0;s:41:\\\"registration/confirmation_email.html.twig\\\";i:1;N;i:2;a:3:{s:9:\\\"signedUrl\\\";s:176:\\\"http://localhost:8000/verify/email?expires=1662992310&id=1&signature=Gq2I6LdS82jXYUkpd5f0l22LxHo%2Fgbub4MGJReh%2FkLg%3D&token=IGLjNWBOZg%2BXoA58NMhhCmKvAHB4D%2FL7UbGeKhdosRk%3D\\\";s:19:\\\"expiresAtMessageKey\\\";s:26:\\\"%count% hour|%count% hours\\\";s:20:\\\"expiresAtMessageData\\\";a:1:{s:7:\\\"%count%\\\";i:1;}}i:3;a:6:{i:0;N;i:1;N;i:2;N;i:3;N;i:4;a:0:{}i:5;a:2:{i:0;O:37:\\\"Symfony\\\\Component\\\\Mime\\\\Header\\\\Headers\\\":2:{s:46:\\\"\\0Symfony\\\\Component\\\\Mime\\\\Header\\\\Headers\\0headers\\\";a:3:{s:4:\\\"from\\\";a:1:{i:0;O:47:\\\"Symfony\\\\Component\\\\Mime\\\\Header\\\\MailboxListHeader\\\":5:{s:50:\\\"\\0Symfony\\\\Component\\\\Mime\\\\Header\\\\AbstractHeader\\0name\\\";s:4:\\\"From\\\";s:56:\\\"\\0Symfony\\\\Component\\\\Mime\\\\Header\\\\AbstractHeader\\0lineLength\\\";i:76;s:50:\\\"\\0Symfony\\\\Component\\\\Mime\\\\Header\\\\AbstractHeader\\0lang\\\";N;s:53:\\\"\\0Symfony\\\\Component\\\\Mime\\\\Header\\\\AbstractHeader\\0charset\\\";s:5:\\\"utf-8\\\";s:58:\\\"\\0Symfony\\\\Component\\\\Mime\\\\Header\\\\MailboxListHeader\\0addresses\\\";a:1:{i:0;O:30:\\\"Symfony\\\\Component\\\\Mime\\\\Address\\\":2:{s:39:\\\"\\0Symfony\\\\Component\\\\Mime\\\\Address\\0address\\\";s:22:\\\"admin@alborcode.org.es\\\";s:36:\\\"\\0Symfony\\\\Component\\\\Mime\\\\Address\\0name\\\";s:25:\\\"Clinica Fisio Salud Admin\\\";}}}}s:2:\\\"to\\\";a:1:{i:0;O:47:\\\"Symfony\\\\Component\\\\Mime\\\\Header\\\\MailboxListHeader\\\":5:{s:50:\\\"\\0Symfony\\\\Component\\\\Mime\\\\Header\\\\AbstractHeader\\0name\\\";s:2:\\\"To\\\";s:56:\\\"\\0Symfony\\\\Component\\\\Mime\\\\Header\\\\AbstractHeader\\0lineLength\\\";i:76;s:50:\\\"\\0Symfony\\\\Component\\\\Mime\\\\Header\\\\AbstractHeader\\0lang\\\";N;s:53:\\\"\\0Symfony\\\\Component\\\\Mime\\\\Header\\\\AbstractHeader\\0charset\\\";s:5:\\\"utf-8\\\";s:58:\\\"\\0Symfony\\\\Component\\\\Mime\\\\Header\\\\MailboxListHeader\\0addresses\\\";a:1:{i:0;O:30:\\\"Symfony\\\\Component\\\\Mime\\\\Address\\\":2:{s:39:\\\"\\0Symfony\\\\Component\\\\Mime\\\\Address\\0address\\\";s:26:\\\"albertorubiobote@gmail.com\\\";s:36:\\\"\\0Symfony\\\\Component\\\\Mime\\\\Address\\0name\\\";s:0:\\\"\\\";}}}}s:7:\\\"subject\\\";a:1:{i:0;O:48:\\\"Symfony\\\\Component\\\\Mime\\\\Header\\\\UnstructuredHeader\\\":5:{s:50:\\\"\\0Symfony\\\\Component\\\\Mime\\\\Header\\\\AbstractHeader\\0name\\\";s:7:\\\"Subject\\\";s:56:\\\"\\0Symfony\\\\Component\\\\Mime\\\\Header\\\\AbstractHeader\\0lineLength\\\";i:76;s:50:\\\"\\0Symfony\\\\Component\\\\Mime\\\\Header\\\\AbstractHeader\\0lang\\\";N;s:53:\\\"\\0Symfony\\\\Component\\\\Mime\\\\Header\\\\AbstractHeader\\0charset\\\";s:5:\\\"utf-8\\\";s:55:\\\"\\0Symfony\\\\Component\\\\Mime\\\\Header\\\\UnstructuredHeader\\0value\\\";s:27:\\\"Por favor confirma tu Email\\\";}}}s:49:\\\"\\0Symfony\\\\Component\\\\Mime\\\\Header\\\\Headers\\0lineLength\\\";i:76;}i:1;N;}}}s:61:\\\"\\0Symfony\\\\Component\\\\Mailer\\\\Messenger\\\\SendEmailMessage\\0envelope\\\";N;}}', '[]', 'default', '2022-09-12 13:18:30', '2022-09-12 13:18:30', NULL),
(2, 'O:36:\\\"Symfony\\\\Component\\\\Messenger\\\\Envelope\\\":2:{s:44:\\\"\\0Symfony\\\\Component\\\\Messenger\\\\Envelope\\0stamps\\\";a:1:{s:46:\\\"Symfony\\\\Component\\\\Messenger\\\\Stamp\\\\BusNameStamp\\\";a:1:{i:0;O:46:\\\"Symfony\\\\Component\\\\Messenger\\\\Stamp\\\\BusNameStamp\\\":1:{s:55:\\\"\\0Symfony\\\\Component\\\\Messenger\\\\Stamp\\\\BusNameStamp\\0busName\\\";s:21:\\\"messenger.bus.default\\\";}}}s:45:\\\"\\0Symfony\\\\Component\\\\Messenger\\\\Envelope\\0message\\\";O:51:\\\"Symfony\\\\Component\\\\Mailer\\\\Messenger\\\\SendEmailMessage\\\":2:{s:60:\\\"\\0Symfony\\\\Component\\\\Mailer\\\\Messenger\\\\SendEmailMessage\\0message\\\";O:39:\\\"Symfony\\\\Bridge\\\\Twig\\\\Mime\\\\TemplatedEmail\\\":4:{i:0;s:30:\\\"reset_password/email.html.twig\\\";i:1;N;i:2;a:1:{s:10:\\\"resetToken\\\";O:58:\\\"SymfonyCasts\\\\Bundle\\\\ResetPassword\\\\Model\\\\ResetPasswordToken\\\":4:{s:65:\\\"\\0SymfonyCasts\\\\Bundle\\\\ResetPassword\\\\Model\\\\ResetPasswordToken\\0token\\\";s:40:\\\"4tjqv5z2ifrFQZQ3GZb9TsnsMAEudAk7cgfju7dC\\\";s:69:\\\"\\0SymfonyCasts\\\\Bundle\\\\ResetPassword\\\\Model\\\\ResetPasswordToken\\0expiresAt\\\";O:17:\\\"DateTimeImmutable\\\":3:{s:4:\\\"date\\\";s:26:\\\"2022-09-12 20:35:55.531435\\\";s:13:\\\"timezone_type\\\";i:3;s:8:\\\"timezone\\\";s:3:\\\"UTC\\\";}s:71:\\\"\\0SymfonyCasts\\\\Bundle\\\\ResetPassword\\\\Model\\\\ResetPasswordToken\\0generatedAt\\\";i:1663011355;s:73:\\\"\\0SymfonyCasts\\\\Bundle\\\\ResetPassword\\\\Model\\\\ResetPasswordToken\\0transInterval\\\";i:1;}}i:3;a:6:{i:0;N;i:1;N;i:2;N;i:3;N;i:4;a:0:{}i:5;a:2:{i:0;O:37:\\\"Symfony\\\\Component\\\\Mime\\\\Header\\\\Headers\\\":2:{s:46:\\\"\\0Symfony\\\\Component\\\\Mime\\\\Header\\\\Headers\\0headers\\\";a:3:{s:4:\\\"from\\\";a:1:{i:0;O:47:\\\"Symfony\\\\Component\\\\Mime\\\\Header\\\\MailboxListHeader\\\":5:{s:50:\\\"\\0Symfony\\\\Component\\\\Mime\\\\Header\\\\AbstractHeader\\0name\\\";s:4:\\\"From\\\";s:56:\\\"\\0Symfony\\\\Component\\\\Mime\\\\Header\\\\AbstractHeader\\0lineLength\\\";i:76;s:50:\\\"\\0Symfony\\\\Component\\\\Mime\\\\Header\\\\AbstractHeader\\0lang\\\";N;s:53:\\\"\\0Symfony\\\\Component\\\\Mime\\\\Header\\\\AbstractHeader\\0charset\\\";s:5:\\\"utf-8\\\";s:58:\\\"\\0Symfony\\\\Component\\\\Mime\\\\Header\\\\MailboxListHeader\\0addresses\\\";a:1:{i:0;O:30:\\\"Symfony\\\\Component\\\\Mime\\\\Address\\\":2:{s:39:\\\"\\0Symfony\\\\Component\\\\Mime\\\\Address\\0address\\\";s:20:\\\"arubiobote@gmail.com\\\";s:36:\\\"\\0Symfony\\\\Component\\\\Mime\\\\Address\\0name\\\";s:33:\\\"Clinica Fisio Salud Administrador\\\";}}}}s:2:\\\"to\\\";a:1:{i:0;O:47:\\\"Symfony\\\\Component\\\\Mime\\\\Header\\\\MailboxListHeader\\\":5:{s:50:\\\"\\0Symfony\\\\Component\\\\Mime\\\\Header\\\\AbstractHeader\\0name\\\";s:2:\\\"To\\\";s:56:\\\"\\0Symfony\\\\Component\\\\Mime\\\\Header\\\\AbstractHeader\\0lineLength\\\";i:76;s:50:\\\"\\0Symfony\\\\Component\\\\Mime\\\\Header\\\\AbstractHeader\\0lang\\\";N;s:53:\\\"\\0Symfony\\\\Component\\\\Mime\\\\Header\\\\AbstractHeader\\0charset\\\";s:5:\\\"utf-8\\\";s:58:\\\"\\0Symfony\\\\Component\\\\Mime\\\\Header\\\\MailboxListHeader\\0addresses\\\";a:1:{i:0;O:30:\\\"Symfony\\\\Component\\\\Mime\\\\Address\\\":2:{s:39:\\\"\\0Symfony\\\\Component\\\\Mime\\\\Address\\0address\\\";s:22:\\\"hodex83092@nicoimg.com\\\";s:36:\\\"\\0Symfony\\\\Component\\\\Mime\\\\Address\\0name\\\";s:0:\\\"\\\";}}}}s:7:\\\"subject\\\";a:1:{i:0;O:48:\\\"Symfony\\\\Component\\\\Mime\\\\Header\\\\UnstructuredHeader\\\":5:{s:50:\\\"\\0Symfony\\\\Component\\\\Mime\\\\Header\\\\AbstractHeader\\0name\\\";s:7:\\\"Subject\\\";s:56:\\\"\\0Symfony\\\\Component\\\\Mime\\\\Header\\\\AbstractHeader\\0lineLength\\\";i:76;s:50:\\\"\\0Symfony\\\\Component\\\\Mime\\\\Header\\\\AbstractHeader\\0lang\\\";N;s:53:\\\"\\0Symfony\\\\Component\\\\Mime\\\\Header\\\\AbstractHeader\\0charset\\\";s:5:\\\"utf-8\\\";s:55:\\\"\\0Symfony\\\\Component\\\\Mime\\\\Header\\\\UnstructuredHeader\\0value\\\";s:27:\\\"Your password reset request\\\";}}}s:49:\\\"\\0Symfony\\\\Component\\\\Mime\\\\Header\\\\Headers\\0lineLength\\\";i:76;}i:1;N;}}}s:61:\\\"\\0Symfony\\\\Component\\\\Mailer\\\\Messenger\\\\SendEmailMessage\\0envelope\\\";N;}}', '[]', 'default', '2022-09-12 19:35:55', '2022-09-12 19:35:55', NULL),
(3, 'O:36:\\\"Symfony\\\\Component\\\\Messenger\\\\Envelope\\\":2:{s:44:\\\"\\0Symfony\\\\Component\\\\Messenger\\\\Envelope\\0stamps\\\";a:1:{s:46:\\\"Symfony\\\\Component\\\\Messenger\\\\Stamp\\\\BusNameStamp\\\";a:1:{i:0;O:46:\\\"Symfony\\\\Component\\\\Messenger\\\\Stamp\\\\BusNameStamp\\\":1:{s:55:\\\"\\0Symfony\\\\Component\\\\Messenger\\\\Stamp\\\\BusNameStamp\\0busName\\\";s:21:\\\"messenger.bus.default\\\";}}}s:45:\\\"\\0Symfony\\\\Component\\\\Messenger\\\\Envelope\\0message\\\";O:51:\\\"Symfony\\\\Component\\\\Mailer\\\\Messenger\\\\SendEmailMessage\\\":2:{s:60:\\\"\\0Symfony\\\\Component\\\\Mailer\\\\Messenger\\\\SendEmailMessage\\0message\\\";O:39:\\\"Symfony\\\\Bridge\\\\Twig\\\\Mime\\\\TemplatedEmail\\\":4:{i:0;s:30:\\\"reset_password/email.html.twig\\\";i:1;N;i:2;a:1:{s:10:\\\"resetToken\\\";O:58:\\\"SymfonyCasts\\\\Bundle\\\\ResetPassword\\\\Model\\\\ResetPasswordToken\\\":4:{s:65:\\\"\\0SymfonyCasts\\\\Bundle\\\\ResetPassword\\\\Model\\\\ResetPasswordToken\\0token\\\";s:40:\\\"DOoLfSvkLlLXYEtpFLjaviSZmIq1mou2bkSzuICl\\\";s:69:\\\"\\0SymfonyCasts\\\\Bundle\\\\ResetPassword\\\\Model\\\\ResetPasswordToken\\0expiresAt\\\";O:17:\\\"DateTimeImmutable\\\":3:{s:4:\\\"date\\\";s:26:\\\"2022-09-12 20:50:52.799494\\\";s:13:\\\"timezone_type\\\";i:3;s:8:\\\"timezone\\\";s:3:\\\"UTC\\\";}s:71:\\\"\\0SymfonyCasts\\\\Bundle\\\\ResetPassword\\\\Model\\\\ResetPasswordToken\\0generatedAt\\\";i:1663012252;s:73:\\\"\\0SymfonyCasts\\\\Bundle\\\\ResetPassword\\\\Model\\\\ResetPasswordToken\\0transInterval\\\";i:1;}}i:3;a:6:{i:0;N;i:1;N;i:2;N;i:3;N;i:4;a:0:{}i:5;a:2:{i:0;O:37:\\\"Symfony\\\\Component\\\\Mime\\\\Header\\\\Headers\\\":2:{s:46:\\\"\\0Symfony\\\\Component\\\\Mime\\\\Header\\\\Headers\\0headers\\\";a:3:{s:4:\\\"from\\\";a:1:{i:0;O:47:\\\"Symfony\\\\Component\\\\Mime\\\\Header\\\\MailboxListHeader\\\":5:{s:50:\\\"\\0Symfony\\\\Component\\\\Mime\\\\Header\\\\AbstractHeader\\0name\\\";s:4:\\\"From\\\";s:56:\\\"\\0Symfony\\\\Component\\\\Mime\\\\Header\\\\AbstractHeader\\0lineLength\\\";i:76;s:50:\\\"\\0Symfony\\\\Component\\\\Mime\\\\Header\\\\AbstractHeader\\0lang\\\";N;s:53:\\\"\\0Symfony\\\\Component\\\\Mime\\\\Header\\\\AbstractHeader\\0charset\\\";s:5:\\\"utf-8\\\";s:58:\\\"\\0Symfony\\\\Component\\\\Mime\\\\Header\\\\MailboxListHeader\\0addresses\\\";a:1:{i:0;O:30:\\\"Symfony\\\\Component\\\\Mime\\\\Address\\\":2:{s:39:\\\"\\0Symfony\\\\Component\\\\Mime\\\\Address\\0address\\\";s:20:\\\"arubiobote@gmail.com\\\";s:36:\\\"\\0Symfony\\\\Component\\\\Mime\\\\Address\\0name\\\";s:33:\\\"Clinica Fisio Salud Administrador\\\";}}}}s:2:\\\"to\\\";a:1:{i:0;O:47:\\\"Symfony\\\\Component\\\\Mime\\\\Header\\\\MailboxListHeader\\\":5:{s:50:\\\"\\0Symfony\\\\Component\\\\Mime\\\\Header\\\\AbstractHeader\\0name\\\";s:2:\\\"To\\\";s:56:\\\"\\0Symfony\\\\Component\\\\Mime\\\\Header\\\\AbstractHeader\\0lineLength\\\";i:76;s:50:\\\"\\0Symfony\\\\Component\\\\Mime\\\\Header\\\\AbstractHeader\\0lang\\\";N;s:53:\\\"\\0Symfony\\\\Component\\\\Mime\\\\Header\\\\AbstractHeader\\0charset\\\";s:5:\\\"utf-8\\\";s:58:\\\"\\0Symfony\\\\Component\\\\Mime\\\\Header\\\\MailboxListHeader\\0addresses\\\";a:1:{i:0;O:30:\\\"Symfony\\\\Component\\\\Mime\\\\Address\\\":2:{s:39:\\\"\\0Symfony\\\\Component\\\\Mime\\\\Address\\0address\\\";s:20:\\\"arubiobote@gmail.com\\\";s:36:\\\"\\0Symfony\\\\Component\\\\Mime\\\\Address\\0name\\\";s:0:\\\"\\\";}}}}s:7:\\\"subject\\\";a:1:{i:0;O:48:\\\"Symfony\\\\Component\\\\Mime\\\\Header\\\\UnstructuredHeader\\\":5:{s:50:\\\"\\0Symfony\\\\Component\\\\Mime\\\\Header\\\\AbstractHeader\\0name\\\";s:7:\\\"Subject\\\";s:56:\\\"\\0Symfony\\\\Component\\\\Mime\\\\Header\\\\AbstractHeader\\0lineLength\\\";i:76;s:50:\\\"\\0Symfony\\\\Component\\\\Mime\\\\Header\\\\AbstractHeader\\0lang\\\";N;s:53:\\\"\\0Symfony\\\\Component\\\\Mime\\\\Header\\\\AbstractHeader\\0charset\\\";s:5:\\\"utf-8\\\";s:55:\\\"\\0Symfony\\\\Component\\\\Mime\\\\Header\\\\UnstructuredHeader\\0value\\\";s:27:\\\"Your password reset request\\\";}}}s:49:\\\"\\0Symfony\\\\Component\\\\Mime\\\\Header\\\\Headers\\0lineLength\\\";i:76;}i:1;N;}}}s:61:\\\"\\0Symfony\\\\Component\\\\Mailer\\\\Messenger\\\\SendEmailMessage\\0envelope\\\";N;}}', '[]', 'default', '2022-09-12 19:50:52', '2022-09-12 19:50:52', NULL);

-- --------------------------------------------------------

--
-- Estructura de tabla para la tabla `pacientes`
--

CREATE TABLE `pacientes` (
  `idpaciente` int(11) NOT NULL,
  `provincia` int(11) NOT NULL,
  `idusuario` int(11) NOT NULL,
  `nombre` varchar(40) COLLATE utf8mb4_unicode_ci NOT NULL,
  `apellido1` varchar(40) COLLATE utf8mb4_unicode_ci NOT NULL,
  `apellido2` varchar(40) COLLATE utf8mb4_unicode_ci DEFAULT NULL,
  `telefono` varchar(15) COLLATE utf8mb4_unicode_ci NOT NULL,
  `direccion` varchar(80) COLLATE utf8mb4_unicode_ci DEFAULT NULL,
  `codigopostal` int(11) DEFAULT NULL,
  `poblacion` varchar(60) COLLATE utf8mb4_unicode_ci DEFAULT NULL
) ENGINE=InnoDB DEFAULT CHARSET=utf8mb4 COLLATE=utf8mb4_unicode_ci;

--
-- Volcado de datos para la tabla `pacientes`
--

INSERT INTO `pacientes` (`idpaciente`, `provincia`, `idusuario`, `nombre`, `apellido1`, `apellido2`, `telefono`, `direccion`, `codigopostal`, `poblacion`) VALUES
(1, 41, 4, 'H칠ctor', 'L칩pez', 'Cardenas', '666666666', 'Avenida de la Constituci칩n 13', 12345, 'San Juan de Aznalfarache'),
(2, 28, 5, 'Elena', 'D칤az', 'S치nchez', '611622633', NULL, NULL, NULL),
(3, 28, 6, 'Alicia', 'Hern치ndez', NULL, '678901234', NULL, NULL, NULL),
(4, 28, 7, 'Teodoro', 'D칤ez', 'L칩pez', '609876543', 'Plaza de Espa침a 15', 28003, 'Madrid'),
(5, 9, 8, 'Carlos', 'Zamora', 'Tello', '610293847', 'Calle Madrid 15', 9004, 'Burgos'),
(6, 29, 9, 'Jorge', 'Garc칤a', 'G칩mez', '611222333', 'Calle Larios 15', 21000, 'M치laga');

-- --------------------------------------------------------

--
-- Estructura de tabla para la tabla `provincias`
--

CREATE TABLE `provincias` (
  `idprovincia` int(11) NOT NULL,
  `provincia` varchar(60) COLLATE utf8mb4_unicode_ci NOT NULL
) ENGINE=InnoDB DEFAULT CHARSET=utf8mb4 COLLATE=utf8mb4_unicode_ci;

--
-- Volcado de datos para la tabla `provincias`
--

INSERT INTO `provincias` (`idprovincia`, `provincia`) VALUES
(1, 'Araba/츼lava'),
(2, 'Albacete'),
(3, 'Alicante/Alacant'),
(4, 'Almer칤a'),
(5, '츼vila'),
(6, 'Badajoz'),
(7, 'Balears, Illes'),
(8, 'Barcelona'),
(9, 'Burgos'),
(10, 'C치ceres'),
(11, 'C치diz'),
(12, 'Castell칩n/Castell칩'),
(13, 'Ciudad Real'),
(14, 'C칩rdoba'),
(15, 'Coru침a, A'),
(16, 'Cuenca'),
(17, 'Girona'),
(18, 'Granada'),
(19, 'Guadalajara'),
(20, 'Gipuzkoa'),
(21, 'Huelva'),
(22, 'Huesca'),
(23, 'Ja칠n'),
(24, 'Le칩n'),
(25, 'Lleida'),
(26, 'Rioja, La'),
(27, 'Lugo'),
(28, 'Madrid'),
(29, 'M치laga'),
(30, 'Murcia'),
(31, 'Navarra'),
(32, 'Ourense'),
(33, 'Asturias'),
(34, 'Palencia'),
(35, 'Palmas, Las'),
(36, 'Pontevedra'),
(37, 'Salamanca'),
(38, 'Santa Cruz de Tenerife'),
(39, 'Cantabria'),
(40, 'Segovia'),
(41, 'Sevilla'),
(42, 'Soria'),
(43, 'Tarragona'),
(44, 'Teruel'),
(45, 'Toledo'),
(46, 'Valencia/Val칟ncia'),
(47, 'Valladolid'),
(48, 'Bizkaia'),
(49, 'Zamora'),
(50, 'Zaragoza'),
(51, 'Ceuta'),
(52, 'Melilla');

-- --------------------------------------------------------

--
-- Estructura de tabla para la tabla `reset_password_request`
--

CREATE TABLE `reset_password_request` (
  `id` int(11) NOT NULL,
  `user` int(11) NOT NULL,
  `selector` varchar(20) COLLATE utf8mb4_unicode_ci NOT NULL,
  `hashed_token` varchar(100) COLLATE utf8mb4_unicode_ci NOT NULL,
  `requested_at` datetime NOT NULL COMMENT '(DC2Type:datetime_immutable)',
  `expires_at` datetime NOT NULL COMMENT '(DC2Type:datetime_immutable)'
) ENGINE=InnoDB DEFAULT CHARSET=utf8mb4 COLLATE=utf8mb4_unicode_ci;

--
-- Volcado de datos para la tabla `reset_password_request`
--

INSERT INTO `reset_password_request` (`id`, `user`, `selector`, `hashed_token`, `requested_at`, `expires_at`) VALUES
(1, 5, '4tjqv5z2ifrFQZQ3GZb9', 'DLfrU/OR6OahrIro3nUqBRKKy6j8/GW3iF6NEIJvwRQ=', '2022-09-12 19:35:55', '2022-09-12 20:35:55'),
(2, 2, 'DOoLfSvkLlLXYEtpFLja', 'KsnOFaaFBY32Rvg8rRH6hWN462M6SVpPEhoYZDpbTRM=', '2022-09-12 19:50:52', '2022-09-12 20:50:52');

-- --------------------------------------------------------

--
-- Estructura de tabla para la tabla `turnos`
--

CREATE TABLE `turnos` (
  `idturno` int(11) NOT NULL,
  `idfacultativo` int(11) NOT NULL,
  `diasemana` varchar(10) COLLATE utf8mb4_unicode_ci NOT NULL,
  `horainicio` int(11) NOT NULL,
  `horafin` int(11) NOT NULL
) ENGINE=InnoDB DEFAULT CHARSET=utf8mb4 COLLATE=utf8mb4_unicode_ci;

--
-- Volcado de datos para la tabla `turnos`
--

INSERT INTO `turnos` (`idturno`, `idfacultativo`, `diasemana`, `horainicio`, `horafin`) VALUES
(1, 1, 'LUNES', 9, 14),
(2, 1, 'MARTES', 9, 14),
(3, 1, 'JUEVES', 15, 20),
(4, 2, 'LUNES', 15, 20),
(5, 2, 'MIERCOLES', 9, 14),
(6, 2, 'VIERNES', 9, 14);

-- --------------------------------------------------------

--
-- Estructura de tabla para la tabla `usuarios`
--

CREATE TABLE `usuarios` (
  `idusuario` int(11) NOT NULL,
  `email` varchar(180) COLLATE utf8mb4_unicode_ci NOT NULL,
  `roles` longtext COLLATE utf8mb4_unicode_ci NOT NULL COMMENT '(DC2Type:json)',
  `password` varchar(255) COLLATE utf8mb4_unicode_ci NOT NULL,
  `is_verified` tinyint(1) NOT NULL
) ENGINE=InnoDB DEFAULT CHARSET=utf8mb4 COLLATE=utf8mb4_unicode_ci;

--
-- Volcado de datos para la tabla `usuarios`
--

INSERT INTO `usuarios` (`idusuario`, `email`, `roles`, `password`, `is_verified`) VALUES
(1, 'albertorubiobote@gmail.com', '[\"ROLE_ADMINISTRATIVO\"]', '$2y$13$MqwS4OIf.jo10/M6ildIp.WrCs56dUBpZL5qZ8hohhgATiH0zGIu6', 1),
(2, 'arubiobote@gmail.com', '[\"ROLE_FACULTATIVO\"]', '$2y$13$D9iuP0qp4nNb570/CVB8JOprTmhBf6TgbCl7sORnkv7PDTPGKXr0a', 1),
(3, 'alborcode@gmail.com', '[\"ROLE_FACULTATIVO\"]', '$2y$13$A9s9586KrVbva9ZbtYpP9uqY7x8hzZK3Kkaolx/ksXhIfPkmxySwy', 1),
(4, 'hailie19t_c754a@cguf.site', '[\"ROLE_PACIENTE\"]', '$2y$13$/kx0c/dzkxXHoSuG/OgYZ.5F2AU4WAhlcMqj.xlVUW7FDns6n/JJa', 1),
(5, 'hodex83092@nicoimg.com', '[\"ROLE_PACIENTE\"]', '$2y$13$dpaobpKW/2kAp1yzH9HVSOumhI5Epq1IlhWocZf/EGVDDohsz7OVG', 1),
(6, 'alt.hw-1y2sj8g@yopmail.com', '[\"ROLE_PACIENTE\"]', '$2y$13$cPI6jIKd5mSK2HJRfvLABusWQL.MySTRzxXm83uEQDsyMGsx99Sai', 1),
(7, 'teydotumli@vusra.com', '[\"ROLE_PACIENTE\"]', '$2y$13$5DY0pTR6Q6xnqoN3Hm3vgewg3BKjixMlzekIpPS4STV0dQlSKj6Xe', 1),
(8, 'zustefaz@sharklasers.com', '[\"ROLE_PACIENTE\"]', '$2y$13$xmOQukeQleU9/urvMihAeug9iYx3JVNp5Ok4zU03HYhEiFBYniSai', 1),
(9, 'jkgqkotghjduztivpc@kvhrw.com', '[\"ROLE_PACIENTE\"]', '$2y$13$H1zuf4./RCbThtrLEVSlTOs5ImvtSVdL/UhGtzAdhEo8u5wVBVl4u', 1);

-- --------------------------------------------------------

--
-- Estructura de tabla para la tabla `vacaciones`
--

CREATE TABLE `vacaciones` (
  `idvacaciones` int(11) NOT NULL,
  `idfacultativo` int(11) NOT NULL,
  `fecha` date NOT NULL,
  `dianotrabajado` tinyint(1) NOT NULL
) ENGINE=InnoDB DEFAULT CHARSET=utf8mb4 COLLATE=utf8mb4_unicode_ci;

--
-- Volcado de datos para la tabla `vacaciones`
--

INSERT INTO `vacaciones` (`idvacaciones`, `idfacultativo`, `fecha`, `dianotrabajado`) VALUES
(1, 1, '2022-09-13', 1),
(2, 1, '2022-09-21', 1),
(4, 2, '2022-09-30', 1),
(5, 2, '2022-10-11', 1),
(6, 1, '2022-08-01', 1),
(7, 1, '2022-08-02', 1),
(8, 1, '2022-08-03', 1),
(9, 1, '2022-08-04', 1),
(10, 1, '2022-08-05', 1),
(11, 1, '2022-08-08', 1),
(12, 1, '2022-08-09', 1),
(13, 1, '2022-08-10', 1),
(14, 1, '2022-08-11', 1),
(15, 1, '2022-08-12', 1),
(16, 1, '2022-09-15', 1);

--
-- 칈ndices para tablas volcadas
--

--
-- Indices de la tabla `citas`
--
ALTER TABLE `citas`
  ADD PRIMARY KEY (`idcita`),
  ADD KEY `IDX_B88CF8E5D5988285` (`idfacultativo`),
  ADD KEY `IDX_B88CF8E56C1EE153` (`idpaciente`);

--
-- Indices de la tabla `citas_disponibles`
--
ALTER TABLE `citas_disponibles`
  ADD PRIMARY KEY (`id`),
  ADD KEY `IDX_AB4E2BFBD5988285` (`idfacultativo`);

--
-- Indices de la tabla `doctrine_migration_versions`
--
ALTER TABLE `doctrine_migration_versions`
  ADD PRIMARY KEY (`version`);

--
-- Indices de la tabla `especialidades`
--
ALTER TABLE `especialidades`
  ADD PRIMARY KEY (`idespecialidad`);

--
-- Indices de la tabla `facultativos`
--
ALTER TABLE `facultativos`
  ADD PRIMARY KEY (`idfacultativo`),
  ADD UNIQUE KEY `UNIQ_C0A65F2FFD61E233` (`idusuario`),
  ADD KEY `IDX_C0A65F2FACB064F9` (`especialidad`);

--
-- Indices de la tabla `informes`
--
ALTER TABLE `informes`
  ADD PRIMARY KEY (`idinforme`),
  ADD KEY `IDX_E47FD09AD5988285` (`idfacultativo`),
  ADD KEY `IDX_E47FD09A6C1EE153` (`idpaciente`);

--
-- Indices de la tabla `messenger_messages`
--
ALTER TABLE `messenger_messages`
  ADD PRIMARY KEY (`id`),
  ADD KEY `IDX_75EA56E0FB7336F0` (`queue_name`),
  ADD KEY `IDX_75EA56E0E3BD61CE` (`available_at`),
  ADD KEY `IDX_75EA56E016BA31DB` (`delivered_at`);

--
-- Indices de la tabla `pacientes`
--
ALTER TABLE `pacientes`
  ADD PRIMARY KEY (`idpaciente`),
  ADD UNIQUE KEY `UNIQ_971B7851FD61E233` (`idusuario`),
  ADD KEY `IDX_971B7851D39AF213` (`provincia`);

--
-- Indices de la tabla `provincias`
--
ALTER TABLE `provincias`
  ADD PRIMARY KEY (`idprovincia`);

--
-- Indices de la tabla `reset_password_request`
--
ALTER TABLE `reset_password_request`
  ADD PRIMARY KEY (`id`),
  ADD KEY `IDX_7CE748A8D93D649` (`user`);

--
-- Indices de la tabla `turnos`
--
ALTER TABLE `turnos`
  ADD PRIMARY KEY (`idturno`),
  ADD KEY `IDX_B8555818D5988285` (`idfacultativo`);

--
-- Indices de la tabla `usuarios`
--
ALTER TABLE `usuarios`
  ADD PRIMARY KEY (`idusuario`),
  ADD UNIQUE KEY `UNIQ_EF687F2E7927C74` (`email`);

--
-- Indices de la tabla `vacaciones`
--
ALTER TABLE `vacaciones`
  ADD PRIMARY KEY (`idvacaciones`),
  ADD KEY `IDX_CAA83E94D5988285` (`idfacultativo`);

--
-- AUTO_INCREMENT de las tablas volcadas
--

--
-- AUTO_INCREMENT de la tabla `citas`
--
ALTER TABLE `citas`
  MODIFY `idcita` int(11) NOT NULL AUTO_INCREMENT;

--
-- AUTO_INCREMENT de la tabla `citas_disponibles`
--
ALTER TABLE `citas_disponibles`
  MODIFY `id` int(11) NOT NULL AUTO_INCREMENT, AUTO_INCREMENT=1961;

--
-- AUTO_INCREMENT de la tabla `facultativos`
--
ALTER TABLE `facultativos`
  MODIFY `idfacultativo` int(11) NOT NULL AUTO_INCREMENT, AUTO_INCREMENT=3;

--
-- AUTO_INCREMENT de la tabla `informes`
--
ALTER TABLE `informes`
  MODIFY `idinforme` int(11) NOT NULL AUTO_INCREMENT, AUTO_INCREMENT=7;

--
-- AUTO_INCREMENT de la tabla `messenger_messages`
--
ALTER TABLE `messenger_messages`
  MODIFY `id` bigint(20) NOT NULL AUTO_INCREMENT, AUTO_INCREMENT=4;

--
-- AUTO_INCREMENT de la tabla `pacientes`
--
ALTER TABLE `pacientes`
  MODIFY `idpaciente` int(11) NOT NULL AUTO_INCREMENT, AUTO_INCREMENT=7;

--
-- AUTO_INCREMENT de la tabla `reset_password_request`
--
ALTER TABLE `reset_password_request`
  MODIFY `id` int(11) NOT NULL AUTO_INCREMENT, AUTO_INCREMENT=3;

--
-- AUTO_INCREMENT de la tabla `turnos`
--
ALTER TABLE `turnos`
  MODIFY `idturno` int(11) NOT NULL AUTO_INCREMENT, AUTO_INCREMENT=7;

--
-- AUTO_INCREMENT de la tabla `usuarios`
--
ALTER TABLE `usuarios`
  MODIFY `idusuario` int(11) NOT NULL AUTO_INCREMENT, AUTO_INCREMENT=10;

--
-- AUTO_INCREMENT de la tabla `vacaciones`
--
ALTER TABLE `vacaciones`
  MODIFY `idvacaciones` int(11) NOT NULL AUTO_INCREMENT, AUTO_INCREMENT=17;

--
-- Restricciones para tablas volcadas
--

--
-- Filtros para la tabla `citas`
--
ALTER TABLE `citas`
  ADD CONSTRAINT `FK_B88CF8E56C1EE153` FOREIGN KEY (`idpaciente`) REFERENCES `pacientes` (`idpaciente`),
  ADD CONSTRAINT `FK_B88CF8E5D5988285` FOREIGN KEY (`idfacultativo`) REFERENCES `facultativos` (`idfacultativo`);

--
-- Filtros para la tabla `citas_disponibles`
--
ALTER TABLE `citas_disponibles`
  ADD CONSTRAINT `FK_AB4E2BFBD5988285` FOREIGN KEY (`idfacultativo`) REFERENCES `facultativos` (`idfacultativo`);

--
-- Filtros para la tabla `facultativos`
--
ALTER TABLE `facultativos`
  ADD CONSTRAINT `FK_C0A65F2FACB064F9` FOREIGN KEY (`especialidad`) REFERENCES `especialidades` (`idespecialidad`),
  ADD CONSTRAINT `FK_C0A65F2FFD61E233` FOREIGN KEY (`idusuario`) REFERENCES `usuarios` (`idusuario`);

--
-- Filtros para la tabla `informes`
--
ALTER TABLE `informes`
  ADD CONSTRAINT `FK_E47FD09A6C1EE153` FOREIGN KEY (`idpaciente`) REFERENCES `pacientes` (`idpaciente`),
  ADD CONSTRAINT `FK_E47FD09AD5988285` FOREIGN KEY (`idfacultativo`) REFERENCES `facultativos` (`idfacultativo`);

--
-- Filtros para la tabla `pacientes`
--
ALTER TABLE `pacientes`
  ADD CONSTRAINT `FK_971B7851D39AF213` FOREIGN KEY (`provincia`) REFERENCES `provincias` (`idprovincia`),
  ADD CONSTRAINT `FK_971B7851FD61E233` FOREIGN KEY (`idusuario`) REFERENCES `usuarios` (`idusuario`);

--
-- Filtros para la tabla `reset_password_request`
--
ALTER TABLE `reset_password_request`
  ADD CONSTRAINT `FK_7CE748A8D93D649` FOREIGN KEY (`user`) REFERENCES `usuarios` (`idusuario`);

--
-- Filtros para la tabla `turnos`
--
ALTER TABLE `turnos`
  ADD CONSTRAINT `FK_B8555818D5988285` FOREIGN KEY (`idfacultativo`) REFERENCES `facultativos` (`idfacultativo`);

--
-- Filtros para la tabla `vacaciones`
--
ALTER TABLE `vacaciones`
  ADD CONSTRAINT `FK_CAA83E94D5988285` FOREIGN KEY (`idfacultativo`) REFERENCES `facultativos` (`idfacultativo`);
COMMIT;

/*!40101 SET CHARACTER_SET_CLIENT=@OLD_CHARACTER_SET_CLIENT */;
/*!40101 SET CHARACTER_SET_RESULTS=@OLD_CHARACTER_SET_RESULTS */;
/*!40101 SET COLLATION_CONNECTION=@OLD_COLLATION_CONNECTION */;
